<?xml version="1.0" encoding="UTF-8"?>
<!DOCTYPE hibernate-mapping PUBLIC "-//Hibernate/Hibernate Mapping DTD 3.0//EN" "http://hibernate.sourceforge.net/hibernate-mapping-3.0.dtd">
<hibernate-mapping>
   <class name="com.jcg.spring.hibernate.pojo.User" table="USER">
      <id name="id" type="int">
         <column name="user_id" />
         <generator class="native" />
      </id>
      <property name="name" type="java.lang.String">
         <column name="user_name" />
      </property>
      <property name="password" type="java.lang.String">
         <column name="user_password" />
      </property>
   </class>
</hibernate-mapping>